City_ID,City,Lat,Lng,Max Temp,Humidity,Cloudiness,Wind Speed,Country,Date
0,edinburgh of the seven seas,-37.0676,-12.3116,10.42,67,43,18.85,SH,1691352199
1,tibanbang,6.6315,126.1055,27.47,79,100,3.52,PH,1691352200
2,bredasdorp,-34.5322,20.0403,10.56,93,0,1.26,ZA,1691352201
3,albany,42.6001,-73.9662,28.78,45,100,0.45,US,1691352080
4,pocitos,-34.9097,-56.1522,18.08,87,75,6.17,UY,1691352132
5,waitangi,-43.9535,-176.5597,8.96,69,100,5.11,NZ,1691352202
6,bethel,41.3712,-73.414,30.02,54,15,1.34,US,1691352007
7,port-aux-francais,-49.35,70.2167,5.21,91,100,12.47,TF,1691352203
8,adamstown,-25.066,-130.1015,20.45,66,94,8.68,PN,1691352204
9,anadyr,64.75,177.4833,11.28,81,100,7.0,RU,1691352204
10,biskra,34.8504,5.7281,34.73,18,0,1.03,DZ,1691352205
11,iqaluit,63.7506,-68.5145,10.85,71,40,2.06,CA,1691352205
12,verkhnevilyuysk,63.4453,120.3167,12.3,75,85,2.33,RU,1691352206
13,tillaberi,14.2117,1.4531,29.15,59,60,2.47,NE,1691352207
14,necochea,-38.5473,-58.7368,11.54,66,13,6.55,AR,1691352207
15,oban,56.4127,-5.4706,12.43,87,53,1.55,GB,1691352164
16,bouillargues,43.7973,4.4285,22.54,32,0,6.17,FR,1691352208
17,saipan,15.1355,145.701,27.03,100,84,1.67,MP,1691352167
18,lundazi,-12.2929,33.1782,15.82,66,1,3.08,ZM,1691352209
19,atafu village,-8.5421,-172.5159,28.69,74,13,4.77,TK,1691352209
20,yashkul',46.1711,45.3435,30.89,30,0,3.61,RU,1691352210
21,taquari,-29.7997,-51.8644,22.95,64,0,1.2,BR,1691352210
22,jamestown,42.097,-79.2353,30.25,48,100,4.63,US,1691351971
23,petoskey,45.3733,-84.9553,23.79,64,0,5.14,US,1691352211
24,tolanaro,-25.0319,46.9987,19.04,88,40,8.23,MG,1691352212
25,pimenta bueno,-11.6725,-61.1936,38.29,17,0,2.56,BR,1691352175
26,west island,-12.1568,96.8225,25.99,89,40,3.09,CC,1691352212
27,berezovyy,51.6667,135.7,13.49,64,4,1.91,RU,1691352213
28,punta arenas,-53.15,-70.9167,2.31,64,30,8.84,CL,1691352172
29,blackmans bay,-43.0167,147.3167,4.74,94,15,2.0,AU,1691352214
30,puerto ayora,-0.7393,-90.3518,29.98,82,56,4.47,EC,1691352214
31,general acha,-37.377,-64.6043,18.88,13,0,7.36,AR,1691352215
32,fale old settlement,-9.3852,-171.2468,28.3,73,92,5.24,TK,1691352215
33,puerto armuelles,8.2833,-82.8667,31.99,70,100,1.34,PA,1691352206
34,san antonio de pale,-1.4014,5.6325,23.23,80,24,5.47,GQ,1691352216
35,bingol,38.8847,40.4939,25.11,23,0,0.56,TR,1691352216
36,kalefeld,51.8,10.0333,15.87,89,100,3.13,DE,1691352216
37,laojunmiao,39.8333,97.7333,22.56,26,95,2.17,CN,1691352217
38,teshi old town,5.5836,-0.1072,25.31,88,40,6.69,GH,1691352217
39,swakopmund,-22.6833,14.5333,17.47,60,0,2.44,NA,1691352218
40,genhe,50.7833,121.5167,11.65,77,100,1.01,CN,1691352218
41,bilibino,68.0546,166.4372,1.51,89,100,3.66,RU,1691352197
42,aberdeen,57.1437,-2.0981,12.59,84,25,1.54,GB,1691352187
43,dudinka,69.4058,86.1778,13.68,64,20,1.51,RU,1691352219
44,klyuchi,52.2667,79.1667,17.86,84,46,2.13,RU,1691352220
45,ust-nera,64.5667,143.2,5.39,78,8,3.56,RU,1691352220
46,grytviken,-54.2811,-36.5092,-7.7,80,100,2.2,GS,1691352220
47,olonkinbyen,70.9221,-8.7187,3.68,86,100,11.37,SJ,1691352221
48,manokwari,-0.8667,134.0833,25.72,73,33,1.23,ID,1691352221
49,brookings,44.3114,-96.7984,24.19,64,40,5.66,US,1691352060
50,stanley,54.868,-1.6985,12.77,81,89,0.99,GB,1691352222
51,puerto natales,-51.7236,-72.4875,2.2,73,8,2.98,CL,1691352222
52,tiksi,71.6872,128.8694,5.49,63,74,2.18,RU,1691352223
53,codrington,-38.2667,141.9667,5.81,90,1,2.02,AU,1691352224
54,island harbour,50.724,-1.2758,17.02,88,2,1.79,GB,1691352224
55,machico,32.7,-16.7667,24.84,83,20,1.54,PT,1691352224
56,kingston,17.997,-76.7936,34.58,63,20,11.83,JM,1691352185
57,belyy yar,53.6039,91.3903,13.94,94,0,0.0,RU,1691352225
58,sal rei,16.1833,-22.9167,28.11,69,20,6.17,CV,1691352225
59,fortuna,40.5982,-124.1573,21.31,80,0,5.66,US,1691352226
60,jiuquan,39.7432,98.5174,24.69,23,100,1.24,CN,1691352226
61,flying fish cove,-10.4217,105.6791,23.82,94,100,5.14,CX,1691352227
62,hermanus,-34.4187,19.2345,9.89,87,0,2.66,ZA,1691352227
63,kalaleh,37.3807,55.4916,28.87,55,0,1.15,IR,1691352227
64,mbandaka,0.0487,18.2603,22.53,93,100,2.58,CD,1691352228
65,dryden,49.7833,-92.7503,25.16,44,20,3.09,CA,1691352161
66,ushuaia,-54.8,-68.3,-0.19,86,75,15.43,AR,1691352229
67,ocean shores,46.9737,-124.1563,22.47,90,75,5.66,US,1691352229
68,minas de marcona,-15.2119,-75.1103,17.66,59,9,5.33,PE,1691352230
69,xinyuan,37.3,99.0,4.83,89,9,1.19,CN,1691352230
70,invercargill,-46.4,168.35,5.01,97,39,2.68,NZ,1691352231
71,nellore,14.4333,79.9667,31.0,51,100,4.33,IN,1691352014
72,kununurra,-15.7667,128.7333,22.99,33,7,5.66,AU,1691352231
73,alice springs,-23.7,133.8833,5.75,81,0,3.6,AU,1691352152
74,isafjordur,66.0755,-23.124,12.06,50,20,2.67,IS,1691352232
75,kodiak,57.79,-152.4072,11.73,94,40,3.6,US,1691352232
76,mukalla,14.5425,49.1242,31.47,61,96,0.45,YE,1691352233
77,remire-montjoly,4.9167,-52.2667,31.02,70,20,6.17,GF,1691352233
78,port saint john's,-31.6229,29.5448,18.25,74,0,4.31,ZA,1691352234
79,sanctuary point,-35.1114,150.629,12.64,89,84,3.38,AU,1691352234
80,okhotsk,59.3833,143.3,14.55,76,69,2.49,RU,1691352235
81,longyearbyen,78.2186,15.6401,10.91,71,75,3.6,SJ,1691352235
82,khandyga,62.6667,135.6,12.5,53,28,4.02,RU,1691352236
83,bocas del toro,9.3333,-82.25,28.95,74,100,3.58,PA,1691351949
84,nar'yan-mar,67.6713,53.087,15.45,91,22,2.82,RU,1691352237
85,rumonge,-3.9736,29.4386,24.18,53,23,1.37,BI,1691352237
86,tughyl,47.7252,84.2063,19.64,71,100,2.63,KZ,1691352237
87,port alfred,-33.5906,26.891,17.32,82,26,1.34,ZA,1691352238
88,xilin hot,43.9667,116.0333,16.28,84,11,2.93,CN,1691352238
89,kutum,14.2,24.6667,27.08,51,92,2.36,SD,1691352238
90,nikolayevsk-on-amure,53.1406,140.73,13.04,63,40,2.16,RU,1691352239
91,vila franca do campo,37.7167,-25.4333,24.23,70,38,0.91,PT,1691352239
92,puerto san jose,13.9256,-90.8244,32.54,62,1,4.07,GT,1691352240
93,tarfaya,27.9358,-12.9218,22.42,82,30,4.85,MA,1691352240
94,sao paulo de olivenca,-3.3783,-68.8725,31.26,57,100,0.29,BR,1691352240
95,mandiana,10.6333,-8.6833,24.07,91,100,2.07,GN,1691352241
96,beyneu,45.3167,55.2,31.16,25,1,0.28,KZ,1691352241
97,pazarlar,38.995,29.1258,19.69,44,0,1.67,TR,1691352242
98,taltal,-25.4,-70.4833,17.64,71,10,2.95,CL,1691352105
99,vorgashor,67.5833,63.95,17.14,96,100,3.02,RU,1691352243
100,tabou,4.423,-7.3528,24.68,86,4,2.66,CI,1691352243
101,miri,4.4148,114.0089,26.08,89,20,1.54,MY,1691352168
102,vorkuta,67.5,64.0,17.28,97,100,2.86,RU,1691352244
103,kerikeri,-35.2268,173.9474,9.95,94,100,1.32,NZ,1691352211
104,kidatu,-7.6992,36.9572,21.18,80,77,0.6,TZ,1691352245
105,kenai,60.5544,-151.2583,17.03,82,100,3.6,US,1691352246
106,nejo,9.5,35.5,12.92,92,39,1.49,ET,1691352246
107,vilyuchinsk,52.9306,158.4028,16.15,82,96,3.1,RU,1691352247
108,hushitai,41.9322,123.5114,17.95,97,68,2.55,CN,1691352247
109,nova sintra,14.8667,-24.7167,22.97,78,95,5.2,CV,1691352248
110,puerto deseado,-47.7503,-65.8938,3.25,50,6,12.17,AR,1691352248
111,hammerfest,70.6634,23.6821,11.25,76,20,4.63,NO,1691352249
112,saudarkrokur,65.7461,-19.6394,12.99,65,75,1.77,IS,1691352249
113,sinabang,2.4803,96.3801,26.33,83,69,1.59,ID,1691352250
114,haiku-pauwela,20.9219,-156.3051,28.47,54,20,7.72,US,1691352250
115,hasaki,35.7333,140.8333,26.28,92,10,3.9,JP,1691352251
116,mil'kovo,55.6078,37.7956,25.11,70,0,3.55,RU,1691352251
117,carrollton,32.9537,-96.8903,40.78,36,0,6.69,US,1691352068
118,san juan opico,13.8761,-89.3597,31.75,42,17,0.39,SV,1691352252
119,kamina,-8.7386,24.9906,19.64,36,0,1.48,CD,1691352253
120,cooma,-36.2333,149.1333,0.89,95,13,0.27,AU,1691352253
121,el calafate,-50.3408,-72.2768,-1.02,68,1,2.48,AR,1691352254
122,tamanrasset,22.785,5.5228,31.95,25,20,6.17,DZ,1691352255
123,port mathurin,-19.6833,63.4167,22.73,59,95,11.42,MU,1691352255
124,usinsk,65.9939,57.5281,16.69,90,69,2.95,RU,1691352256
125,santa elena de uairen,4.6167,-61.1333,25.82,66,68,3.38,VE,1691352256
126,talnakh,69.4865,88.3972,13.45,68,7,0.84,RU,1691352257
127,shitanjing,39.2342,106.3439,22.74,42,4,1.26,CN,1691352257
128,tenosique,17.4833,-91.4333,33.7,53,7,3.87,MX,1691352258
129,wailua homesteads,22.0669,-159.378,28.44,75,40,4.12,US,1691352258
130,xai-xai,-25.0519,33.6442,17.49,79,0,2.7,MZ,1691352258
131,harper,4.375,-7.7169,24.76,84,10,2.76,LR,1691352259
132,petropavlovsk-kamchatsky,53.0452,158.6483,15.33,94,75,2.0,RU,1691352260
133,carnarvon,-24.8667,113.6333,20.62,71,86,2.93,AU,1691352260
134,miercurea nirajului,46.5333,24.8,17.63,92,100,3.31,RO,1691352260
135,visby,57.6409,18.296,22.12,88,0,5.66,SE,1691352261
136,hawaiian paradise park,19.5933,-154.9731,25.57,98,100,3.6,US,1691352261
137,carutapera,-1.195,-46.02,28.08,74,31,4.65,BR,1691352262
138,ribeira grande,38.5167,-28.7,24.32,73,20,2.68,PT,1691352262
139,simpang empat,4.95,100.6333,26.66,84,100,1.25,MY,1691352263
140,alofi,-19.0595,-169.9187,22.94,94,75,2.57,NU,1691352263
141,tahe,52.3333,124.7333,13.11,66,100,1.14,CN,1691352263
142,faya-largeau,17.9257,19.1043,34.34,43,100,3.9,TD,1691352264
143,al quwayrah,29.8004,35.3116,32.0,26,0,1.51,JO,1691352264
144,ballina,-28.8667,153.5667,13.21,91,99,3.25,AU,1691352265
145,tura,25.5198,90.2201,24.1,99,100,2.05,IN,1691352265
146,lushun,38.8,121.2667,22.12,79,7,9.08,CN,1691352266
147,pisco,-13.7,-76.2167,21.03,68,0,4.12,PE,1691352266
148,clovis,36.8252,-119.7029,36.93,37,0,0.45,US,1691352171
149,wagar,16.1525,36.2032,31.41,49,70,3.46,SD,1691352267
150,whitehorse,60.7161,-135.0538,23.9,42,20,5.14,CA,1691352231
151,arraial do cabo,-22.9661,-42.0278,24.98,73,0,10.29,BR,1691352268
152,impfondo,1.6381,18.0667,22.62,96,100,2.23,CG,1691352268
153,ambovombe,-25.1667,46.0833,18.24,82,0,5.26,MG,1691352269
154,vershino-darasunskiy,52.35,115.5167,12.15,73,100,0.37,RU,1691352270
155,avarua,-21.2078,-159.775,21.03,94,100,7.72,CK,1691352261
156,soio,-6.1349,12.3689,22.1,91,1,3.82,AO,1691352271
157,yellowknife,62.456,-114.3525,20.29,42,40,2.06,CA,1691352272
158,champua,22.0833,85.6667,24.47,91,100,5.03,IN,1691352272
159,horta,38.5333,-28.6333,23.9,77,20,2.68,PT,1691352273
160,plabennec,48.5024,-4.4266,15.57,88,75,4.12,FR,1691352273
161,vega de alatorre,20.0333,-96.6333,30.95,68,72,6.21,MX,1691352274
162,georgetown,5.4112,100.3354,27.96,93,20,1.54,MY,1691352019
163,la'ie,21.6477,-157.9253,29.98,70,10,6.87,US,1691352274
164,tofol,5.3248,163.0078,28.58,69,98,6.34,FM,1691352275
165,aasiaat,68.7098,-52.8699,4.12,72,11,3.72,GL,1691352275
166,iskateley,67.6803,53.1512,15.38,91,33,2.69,RU,1691352276
167,trinidad,-14.8333,-64.9,34.99,41,20,4.12,BO,1691352276
168,karkira,36.9292,6.5856,22.78,81,60,2.9,DZ,1691352039
169,hithadhoo,-0.6,73.0833,27.75,75,90,1.71,MV,1691352277
170,joao pinheiro,-17.7425,-46.1725,28.22,20,2,3.33,BR,1691352277
171,niquero,20.0431,-77.5828,30.64,70,48,1.59,CU,1691352278
172,bonito,-21.1211,-56.4819,34.65,19,0,3.94,BR,1691352278
173,as saffaniyah,27.9708,48.73,36.09,27,0,3.01,SA,1691352278
174,mccomb,31.2438,-90.4531,36.93,36,20,2.6,US,1691352279
175,boca suno,-0.7167,-77.1333,28.77,97,100,1.21,EC,1691352279
176,conduaga,8.862,117.4893,26.95,82,23,2.9,PH,1691352280
177,margaret river,-33.95,115.0667,11.08,80,60,3.32,AU,1691352280
178,watford city,47.8022,-103.2832,25.09,43,0,3.09,US,1691352021
179,montepuez,-13.1256,38.9997,19.3,71,10,2.21,MZ,1691352281
180,east london,-33.0153,27.9116,18.18,82,100,4.3,ZA,1691352034
181,bijie,27.3125,105.2942,18.94,94,100,0.72,CN,1691352282
182,nuuk,64.1835,-51.7216,12.34,58,0,7.72,GL,1691352282
183,lucapa,-8.4192,20.7447,22.32,30,0,1.16,AO,1691352283
184,guichon,-32.35,-57.2,26.13,55,84,2.89,UY,1691352283
185,alaghsas,17.0187,8.0168,28.0,55,78,7.68,NE,1691352283
186,boende,-0.2167,20.8667,23.78,83,97,1.87,CD,1691352284
187,nilakottai,10.1667,77.8667,27.2,66,87,1.67,IN,1691352284
188,colonia,50.9333,6.95,14.42,89,100,10.8,DE,1691352039
189,kargasok,59.0556,80.8572,14.07,65,7,3.32,RU,1691352285
190,san andres,12.5847,-81.7006,31.01,74,20,6.17,CO,1691352090
191,hamilton,39.1834,-84.5333,32.0,56,0,7.2,US,1691352264
192,ancud,-41.8697,-73.8203,8.91,73,0,5.35,CL,1691352040
193,argo,37.6333,22.7333,25.99,56,0,2.04,GR,1691352286
194,kirishi,59.4471,32.0205,23.62,75,68,2.66,RU,1691352287
195,callao,-12.0667,-77.15,22.16,64,20,6.17,PE,1691352287
196,bambanglipuro,-7.95,110.2833,22.47,95,45,1.88,ID,1691352288
197,saint-joseph,-21.3667,55.6167,20.21,75,48,7.22,RE,1691352288
198,sosnovo-ozerskoye,52.5249,111.5418,12.3,95,100,3.9,RU,1691352288
199,college,64.8569,-147.8028,23.45,55,75,3.09,US,1691352226
200,al burayqah,30.4062,19.5739,26.79,65,0,6.75,LY,1691352289
201,luderitz,-26.6481,15.1594,17.38,65,0,3.88,NA,1691352290
202,el bauga,18.262,33.9081,33.96,40,70,2.09,SD,1691352290
203,lincoln city,44.9582,-124.0179,27.25,78,46,3.13,US,1691352240
204,tazacorte,28.629,-17.9293,24.54,83,0,2.24,ES,1691352291
205,shahpur,16.7,76.8333,24.85,74,100,7.72,IN,1691352174
206,maun,-19.9833,23.4167,14.79,42,0,3.35,BW,1691352292
207,urzhar,47.093,81.6294,24.22,43,100,1.16,KZ,1691352292
208,papatowai,-46.5619,169.4708,7.2,88,100,2.14,NZ,1691352293
209,berwick-upon-tweed,55.7833,-2.0,14.45,78,12,0.84,GB,1691352294
210,enewetak,11.3474,162.3373,28.38,74,100,3.5,MH,1691352295
211,rabo de peixe,37.8,-25.5833,23.73,64,40,2.57,PT,1691352295
212,novodvinsk,64.4165,40.8122,14.06,88,32,1.63,RU,1691352296
213,campos novos,-27.4017,-51.225,21.21,58,0,1.19,BR,1691352296
214,badger,64.8,-147.5333,24.14,52,100,3.6,US,1691352296
215,kavieng,-2.5744,150.7967,26.96,76,100,6.4,PG,1691352297
216,grande prairie,55.1667,-118.8027,24.1,41,40,1.54,CA,1691352297
217,guarapari,-20.6667,-40.4975,23.83,67,47,4.19,BR,1691352034
218,gadzhiyevo,69.2551,33.3362,11.88,77,2,4.07,RU,1691352298
219,vuktyl,63.8567,57.3094,17.63,90,95,2.2,RU,1691352298
220,acarau,-2.8856,-40.12,27.83,67,4,9.2,BR,1691352076
221,geraldton,-28.7667,114.6,15.23,94,100,2.57,AU,1691352101
222,lebu,-37.6167,-73.65,12.94,68,0,2.15,CL,1691352299
223,portland,45.5234,-122.6762,26.96,65,75,2.57,US,1691351701
224,shihezi,44.3,86.0333,28.38,23,61,2.04,CN,1691352300
225,katabu,-4.9333,122.5167,22.15,89,86,2.15,ID,1691352301
226,daru,-9.0763,143.2092,24.68,67,99,5.63,PG,1691352301
227,mana,5.6592,-53.7767,29.15,73,8,5.65,GF,1691352302
228,taseyevo,57.2169,94.8978,9.4,86,14,1.56,RU,1691352305
229,mili,6.0815,171.735,28.3,76,73,3.48,MH,1691352306
230,mugia,43.1041,-9.2179,21.06,74,33,11.87,ES,1691352307
231,sitka,57.0531,-135.33,17.94,88,75,3.09,US,1691352309
232,naze,28.3667,129.4833,25.51,92,100,13.41,JP,1691352310
233,verdal,63.7933,11.4817,16.02,87,100,1.4,NO,1691352311
234,mejit,10.2753,170.8646,28.12,80,100,9.54,MH,1691352311
235,mcminnville,45.2101,-123.1987,27.88,57,20,1.54,US,1691352312
236,cox's bazar,21.4532,91.9798,26.93,90,100,6.1,BD,1691352312
237,keflavik,64.0049,-22.5624,11.95,87,75,2.57,IS,1691352313
238,noosa heads,-26.3833,153.15,13.52,92,40,3.34,AU,1691352035
239,polyarnyye zori,67.3661,32.4981,11.48,84,84,1.63,RU,1691352313
240,choyr,46.3611,108.3611,16.25,73,75,0.72,MN,1691352314
241,lompoc,34.6391,-120.4579,33.34,88,75,4.12,US,1691352314
242,kokopo,-4.352,152.2633,24.74,75,91,7.92,PG,1691352315
243,lala,7.9745,123.7458,23.41,95,69,0.69,PH,1691352315
244,bikenibeu village,1.3673,173.1241,28.98,79,40,2.06,KI,1691352316
245,rechytsa,52.3617,30.3916,27.06,44,0,9.68,BY,1691352316
246,baoying,33.2292,119.3092,24.12,97,5,2.86,CN,1691352317
247,fort bragg,35.139,-79.006,35.11,46,0,4.12,US,1691352317
248,al kharj,24.155,47.3346,37.32,22,7,3.64,SA,1691352318
249,newcastle,-32.9272,151.7765,12.62,91,100,3.09,AU,1691352270
250,tomatlan,19.9333,-105.25,33.66,54,100,4.13,MX,1691352319
251,rehoboth,-23.3167,17.0833,14.68,24,0,2.77,NA,1691352093
252,nemuro,43.3236,145.575,14.47,97,100,5.19,JP,1691352320
253,qaqortoq,60.7167,-46.0333,6.59,85,27,2.32,GL,1691352321
254,afaahiti,-17.75,-149.2833,25.93,77,62,5.49,PF,1691352321
255,selfoss,63.9331,-20.9971,12.8,88,99,2.25,IS,1691352322
256,susuman,62.7833,148.1667,3.6,94,100,2.52,RU,1691352322
257,yangchun,22.1667,111.7833,25.0,92,6,0.93,CN,1691352084
258,strelka,58.0728,93.0344,12.7,90,99,0.99,RU,1691352323
259,nizhneudinsk,54.9076,99.0276,12.66,90,100,1.35,RU,1691352323
260,bayanaul,50.7889,75.6956,18.01,87,83,1.73,KZ,1691352324
261,talas,38.6908,35.5538,25.37,57,0,1.03,TR,1691352324
262,salinopolis,-0.6136,-47.3561,28.11,77,41,6.12,BR,1691352325
263,ilulissat,69.2167,-51.1,11.01,50,20,2.06,GL,1691352325
264,port macquarie,-31.4333,152.9167,12.16,84,46,3.92,AU,1691352326
265,alamos,27.0167,-108.9333,34.94,39,26,2.81,MX,1691352327
266,utrik,11.2278,169.8474,27.88,80,74,7.63,MH,1691352327
267,puerto aysen,-45.4,-72.7,6.96,95,100,1.42,CL,1691352328
268,oltinko'l,40.8011,72.1634,25.65,45,100,2.8,UZ,1691352328
269,aripuana,-9.1667,-60.6333,38.07,19,100,1.41,BR,1691352329
270,yuzhno-kurilsk,44.0306,145.8556,14.27,98,100,3.08,RU,1691352329
271,alesund,62.4723,6.1549,15.5,80,75,8.23,NO,1691352040
272,muynoq,43.7683,59.0214,26.76,39,8,3.17,UZ,1691352330
273,tayu,-6.5397,111.0518,24.14,82,46,3.66,ID,1691352330
274,takoradi,4.8845,-1.7554,23.86,90,17,3.89,GH,1691352331
275,karbala,32.616,44.0249,37.09,18,0,5.19,IQ,1691352287
276,yei,4.095,30.6779,19.86,93,100,1.5,SS,1691352332
277,kijang,35.2442,129.2139,26.85,90,8,4.49,KR,1691352332
278,yuanping,38.7153,112.7575,20.86,91,98,0.3,CN,1691352332
279,el nido,11.1858,119.3956,27.86,78,14,5.8,PH,1691352333
280,tazovsky,67.4667,78.7,14.06,62,11,2.55,RU,1691352333
281,ugoofaaru,5.6667,73.0,28.19,77,100,6.22,MV,1691352334
282,coquimbo,-29.9533,-71.3436,17.85,59,20,5.14,CL,1691352334
283,midvagur,62.0511,-7.1939,12.46,87,100,2.57,FO,1691352335
284,tupelo,34.2576,-88.7034,39.34,30,35,6.45,US,1691352335
285,willowmore,-33.2926,23.4895,10.89,79,2,2.37,ZA,1691352335
286,ulladulla,-35.35,150.4667,9.59,87,81,3.47,AU,1691352336
287,constantia,44.1833,28.65,22.61,82,0,3.82,RO,1691352336
288,holualoa,19.6228,-155.9522,26.97,72,20,3.09,US,1691352336
289,arno,60.1167,18.6333,18.21,93,90,7.99,SE,1691352337
290,tsiombe,-25.3,45.4833,18.64,78,0,4.46,MG,1691352337
291,lodja,-3.4833,23.4333,29.54,32,100,0.99,CD,1691352338
292,la ronge,55.1001,-105.2842,23.14,46,40,5.66,CA,1691352180
293,ngaoundere,7.3167,13.5833,18.42,92,100,0.93,CM,1691352338
294,rundu,-17.9333,19.7667,14.66,29,0,2.97,NA,1691352339
295,kogalym,62.2654,74.4791,18.21,57,6,2.79,RU,1691352339
296,cannonvale,-20.2833,148.7,18.66,83,17,7.01,AU,1691352339
297,mishelevka,52.8575,103.1719,14.32,97,33,0.47,RU,1691352340
298,rongelap,11.1635,166.8941,28.04,78,64,5.1,MH,1691352340
299,illizi,26.4833,8.4667,40.89,16,0,7.96,DZ,1691352341
300,nuku'alofa,-21.1333,-175.2,22.19,88,100,5.14,TO,1691352341
301,sibiti,-3.6819,13.3499,23.16,55,22,1.67,CG,1691352341
302,ta`u,-14.2336,-169.5144,26.93,77,39,4.06,AS,1691352342
303,port elizabeth,-33.918,25.5701,15.16,88,75,5.14,ZA,1691352343
304,mount isa,-20.7333,139.5,12.87,50,0,3.09,AU,1691352343
305,seguela,7.9611,-6.6731,22.93,90,97,1.6,CI,1691352344
306,black forest,39.0131,-104.7008,18.94,75,100,2.57,US,1691352344
307,st. john's,47.5649,-52.7093,16.55,94,100,8.23,CA,1691352054
308,singaraja,-8.112,115.0882,24.01,82,19,2.26,ID,1691352345
309,itoman,26.1247,127.6694,27.01,94,20,13.38,JP,1691352345
310,san mariano,7.5,126.0,22.81,86,100,1.24,PH,1691352345
311,gorontalo,0.5412,123.0595,23.69,93,31,1.7,ID,1691352227
312,north bend,43.4065,-124.2243,26.25,78,100,5.14,US,1691352310
313,lihue,21.9789,-159.3672,28.77,69,40,4.12,US,1691352346
314,carrigaline,51.8117,-8.3986,15.86,67,40,5.66,IE,1691352347
315,port augusta,-32.5,137.7667,5.37,78,8,1.79,AU,1691352347
316,siwa oasis,29.2041,25.5195,35.91,26,0,4.69,EG,1691352348
317,pacific grove,36.6177,-121.9166,30.36,85,0,4.92,US,1691352348
318,albertina,-22.2008,-46.6158,25.69,27,0,2.5,BR,1691352091
319,debipur,24.2333,88.6333,26.4,93,100,5.11,IN,1691352349
320,oodweyne,9.4092,45.064,24.53,51,100,3.82,SO,1691352349
321,salekhard,66.53,66.6019,18.87,58,0,1.27,RU,1691352350
322,toamasina,-18.1667,49.3833,19.0,100,75,5.14,MG,1691352350
323,deridder,30.8463,-93.289,37.21,46,40,0.0,US,1691352241
324,shyryayeve,47.3805,30.1964,24.73,66,2,5.29,UA,1691352351
325,yuci,37.6803,112.7319,24.86,73,0,4.0,CN,1691352351
326,port douglas,-16.4833,145.4667,19.32,82,41,5.76,AU,1691352352
327,chonchi,-42.6128,-73.8092,11.18,73,70,1.47,CL,1691352352
328,konstantinovskoye,45.2992,42.6367,27.94,36,0,6.16,RU,1691352353
329,buchanan,5.8808,-10.0467,24.74,82,46,3.22,LR,1691352353
330,sorong,-0.8833,131.25,25.93,83,99,7.42,ID,1691352353
331,kirillov,59.863,38.3813,19.97,86,0,2.2,RU,1691352354
332,bouarfa,32.53,-1.95,33.89,12,32,2.64,MA,1691352354
333,vernon,50.2581,-119.2691,31.53,34,57,1.03,CA,1691352124
334,bucak,37.4592,30.595,24.29,94,3,0.69,TR,1691352355
335,lagoa formosa,-18.7786,-46.4075,28.34,20,0,3.75,BR,1691352146
336,plonsk,52.6235,20.3755,18.02,84,100,6.74,PL,1691352355
337,gulnar,36.3415,33.3992,21.23,50,0,0.6,TR,1691352356
338,acapulco de juarez,16.8634,-99.8901,31.9,70,20,2.57,MX,1691352356
339,okakarara,-20.5833,17.4333,13.06,24,0,3.44,NA,1691352357
340,kruisfontein,-34.0033,24.7314,11.6,82,98,3.39,ZA,1691352357
341,boda,4.3189,17.4695,21.72,96,100,1.19,CF,1691352357
342,sangmelima,2.9333,11.9833,20.2,98,100,1.47,CM,1691352358
343,nampula,-15.1165,39.2666,17.95,88,14,1.68,MZ,1691352329
344,polyarnyy,69.1989,33.4478,12.07,77,2,4.01,RU,1691352358
345,broome,42.2506,-75.833,30.39,52,75,2.57,US,1691352359
346,tateyama,34.9833,139.8667,25.92,88,24,2.55,JP,1691352359
347,jinzhou,41.1078,121.1417,17.88,87,73,2.83,CN,1691352360
348,amursk,50.2261,136.8994,12.76,72,0,1.15,RU,1691352360
349,laguna,38.421,-121.4238,38.16,28,0,6.17,US,1691352360
350,hilo,19.7297,-155.09,29.04,83,100,3.6,US,1691352357
351,mirnyy,62.5353,113.9611,15.69,72,100,3.13,RU,1691352361
352,la sarre,48.8002,-79.1996,23.89,39,100,1.62,CA,1691352209
353,queenstown,-31.8976,26.8753,13.4,33,3,3.21,ZA,1691352362
354,kankan,10.3854,-9.3057,24.86,83,100,2.14,GN,1691352362
355,englewood,39.6478,-104.9878,21.06,63,100,2.06,US,1691352169
356,antsiranana,-12.2787,49.2917,22.46,75,8,8.08,MG,1691352363
357,karratha,-20.7377,116.8463,21.53,47,52,3.99,AU,1691352364
358,kartaly,53.0522,60.6467,16.12,90,97,3.13,RU,1691352364
359,gaigeturi,33.4644,126.3183,28.03,89,75,5.14,KR,1691352365
360,shimoda,34.6667,138.95,24.5,88,80,1.48,JP,1691352365
361,gobabis,-22.45,18.9667,13.28,23,0,5.03,NA,1691352366
362,boa esperanca,-21.09,-45.5658,27.17,25,0,2.58,BR,1691352147
363,nanga eboko,4.6833,12.3667,20.64,97,100,2.25,CM,1691352367
364,gwanda,-20.9333,29.0,13.65,58,0,2.42,ZW,1691352367
365,cascais,38.6979,-9.4215,31.92,42,0,9.26,PT,1691352092
366,mwinilunga,-11.7358,24.4293,16.58,45,0,2.15,ZM,1691352368
367,severo-yeniseyskiy,60.3725,93.0408,6.61,98,59,1.75,RU,1691352368
368,riberalta,-10.9833,-66.1,36.11,44,40,2.06,BO,1691352369
369,sigli,5.3848,95.9609,26.06,84,100,2.37,ID,1691352369
370,cidreira,-30.1811,-50.2056,20.29,80,3,3.52,BR,1691352369
371,thompson,55.7435,-97.8558,18.09,72,75,4.12,CA,1691352102
372,yeniseysk,58.4497,92.1703,12.06,87,96,1.37,RU,1691352370
373,papao,-17.75,-149.55,26.82,75,75,2.69,PF,1691352371
374,two rivers,44.1539,-87.5693,23.53,71,20,4.12,US,1691352371
375,natal,-5.795,-35.2094,28.12,69,20,8.23,BR,1691352165
376,laurentides,46.4334,-74.9826,24.28,33,80,2.89,CA,1691352372
377,hami,42.8,93.45,29.35,16,50,4.34,CN,1691352372
378,pericos,25.05,-107.7,35.95,40,16,4.39,MX,1691352373
379,chu,43.5983,73.7614,24.81,42,99,3.75,KZ,1691352373
380,teruel,40.6667,-0.6667,14.73,45,0,1.72,ES,1691352374
381,galle,6.0367,80.217,26.72,83,100,6.34,LK,1691352374
382,puerto lempira,15.2667,-83.7667,32.08,62,20,5.14,HN,1691352374
383,manching,48.7166,11.4939,13.55,83,98,7.72,DE,1691352375
384,svetlyy,54.675,20.1347,21.09,83,54,5.47,RU,1691352375
385,lorengau,-2.0226,147.2712,26.95,76,77,7.37,PG,1691352376
386,tooele,40.5308,-112.2983,29.57,37,0,4.12,US,1691352376
387,tejen,37.3834,60.5054,30.91,25,0,3.89,TM,1691352376
388,mount gambier,-37.8333,140.7667,4.69,94,2,0.87,AU,1691352377
389,mitu,1.1983,-70.1733,28.07,78,97,0.88,CO,1691352377
390,cheremukhovo,60.3484,59.9851,16.48,95,76,1.38,RU,1691352378
391,ingeniero jacobacci,-41.3427,-69.5448,11.49,24,3,4.31,AR,1691352378
392,udachny,66.4167,112.4,10.25,75,99,2.8,RU,1691352163
393,katsuura,35.1333,140.3,25.8,90,2,3.07,JP,1691352379
394,ust'-ilimsk,58.0006,102.6619,10.23,77,95,1.13,RU,1691352379
395,kapa'a,22.0752,-159.319,29.18,76,40,4.12,US,1691352380
396,bafia,4.75,11.2333,21.39,95,100,0.66,CM,1691352380
397,ola,59.5833,151.2833,12.86,66,94,5.55,RU,1691352381
398,antofagasta,-23.65,-70.4,18.6,74,11,4.86,CL,1691352381
399,road town,18.4167,-64.6167,31.05,70,40,4.63,VG,1691352382
400,warmbad,-28.45,18.7333,19.19,24,0,1.43,NA,1691352382
401,fraserburgh,57.6874,-2.0184,11.18,77,42,1.67,GB,1691352383
402,saint-francois,46.4154,3.9054,16.69,59,0,2.06,FR,1691352383
403,prado,-17.3411,-39.2208,23.17,70,96,3.1,BR,1691352384
404,weno,7.4515,151.8468,28.39,75,100,9.29,FM,1691352384
405,tulagi,-9.0996,160.1476,26.17,81,86,4.34,SB,1691352385
406,vilyuysk,63.7553,121.6247,12.19,73,71,1.84,RU,1691352385
407,paracatu,-17.2222,-46.8747,29.19,18,0,3.56,BR,1691352385
408,imam qasim,32.298,44.6828,38.03,17,0,6.28,IQ,1691352386
409,calvinia,-31.4707,19.776,12.74,33,0,1.28,ZA,1691352386
410,wanxian,30.8039,108.3897,26.56,88,99,1.22,CN,1691352387
411,sandnessjoen,66.0217,12.6316,14.29,76,40,3.6,NO,1691352387
412,mount pearl,47.5166,-52.7813,16.09,94,100,8.23,CA,1691352388
413,port hedland,-20.3167,118.5667,19.03,42,32,4.12,AU,1691352217
414,aykhal,66.0,111.5,11.74,62,100,3.35,RU,1691352388
415,brandfort,-28.7001,26.4597,5.67,31,0,1.55,ZA,1691352389
416,talara,-4.5772,-81.2719,28.42,57,0,7.6,PE,1691352389
417,watertown,42.3709,-71.1828,30.17,43,75,4.02,US,1691352194
418,brak,27.5496,14.2714,34.57,25,0,7.81,LY,1691352390
419,new norfolk,-42.7826,147.0587,5.4,97,12,1.29,AU,1691352391
420,lensk,60.7253,114.9278,16.89,93,100,1.49,RU,1691352392
421,sarupathar,26.1984,93.8094,25.11,97,100,0.43,IN,1691352392
422,formosa do rio preto,-11.0483,-45.1931,32.23,19,1,3.23,BR,1691352300
423,panauti,27.5814,85.5124,21.18,94,75,1.54,NP,1691352393
424,al khawr,25.7667,51.3167,34.77,58,0,1.86,QA,1691352393
425,muli,2.9167,73.5667,28.34,76,100,4.6,MV,1691352394
426,angaur state,6.906,134.13,26.4,86,100,7.71,PW,1691352394
427,sivrice,38.4482,39.3084,24.56,32,0,2.57,TR,1691352395
428,fortaleza,-3.7227,-38.5247,28.07,74,20,6.17,BR,1691352395
429,bandarbeyla,9.4942,50.8122,24.36,81,100,13.23,SO,1691352395
430,tocopilla,-22.092,-70.1979,20.9,66,14,5.83,CL,1691352396
431,shakawe,-18.3667,21.85,15.49,33,0,2.2,BW,1691352396
432,uturoa,-16.7333,-151.4333,25.66,79,31,5.45,PF,1691352397
433,broken hill,-31.95,141.4333,5.48,88,0,3.86,AU,1691352397
434,magadan,59.5667,150.8,12.52,68,100,4.34,RU,1691352371
435,namibe,-15.1961,12.1522,18.66,88,46,0.99,AO,1691352398
436,umm ruwaba,12.9061,31.2158,28.58,52,99,3.84,SD,1691352398
437,wangqing,43.3218,129.7634,16.63,98,100,1.79,CN,1691352398
438,fengcheng,40.4536,124.0717,18.01,90,62,2.31,CN,1691352399
439,santa isabel,-23.3156,-46.2214,29.42,38,0,1.23,BR,1691352399
440,taoudenni,22.6783,-3.9836,42.95,7,5,3.35,ML,1691352400
441,coahuayana de hidalgo,18.7,-103.6583,33.15,57,100,2.52,MX,1691352400
442,tambopata,-12.7333,-69.1833,33.94,46,20,2.57,PE,1691352401
443,el charco,2.4769,-78.1105,28.74,79,100,4.05,CO,1691352401
444,vadso,70.0744,29.7487,16.49,87,0,3.09,NO,1691352402
445,serhetabat,35.2799,62.3438,27.0,37,0,2.92,TM,1691352402
446,hanceville,34.0607,-86.7675,32.95,62,94,0.96,US,1691352402
447,port isabel,26.0734,-97.2086,37.02,59,20,8.75,US,1691352403
448,semera,11.501,41.201,29.68,47,100,2.13,ET,1691352403
449,saint john,45.2727,-66.0677,21.57,68,75,3.09,CA,1691351970
450,yerofey pavlovich,53.9667,121.9667,13.26,69,100,1.24,RU,1691352377
451,arkhangel'sk,64.5401,40.5433,13.66,88,24,1.69,RU,1691352404
452,fuyang,32.9,115.8167,24.92,98,8,2.71,CN,1691352405
453,aromashevo,56.8602,68.6375,16.02,80,72,2.69,RU,1691352405
454,markovo,57.3206,107.0881,13.14,97,57,1.01,RU,1691352405
455,porto novo,6.4965,2.6036,24.97,88,78,4.69,BJ,1691352406
456,cabo san lucas,22.8909,-109.9124,32.01,76,100,9.85,MX,1691351884
457,santo antonio do ica,-3.1022,-67.9397,30.29,60,98,0.54,BR,1691352407
458,aitape,-3.1374,142.3475,24.67,89,100,2.09,PG,1691352407
459,waddan,29.1614,16.139,29.36,37,0,7.82,LY,1691352407
460,dokkum,53.3222,5.997,17.0,94,100,2.06,NL,1691352408
461,gizo,-8.103,156.8419,26.09,82,79,6.17,SB,1691352408
462,tanout,14.9709,8.8879,31.44,45,8,4.06,NE,1691352409
463,onega,63.9061,38.1404,16.07,86,75,2.09,RU,1691352409
464,savalou,7.9281,1.9756,24.08,93,100,2.65,BJ,1691352381
465,labrador city,52.9463,-66.9114,14.95,82,100,4.12,CA,1691352165
466,terrace,54.5163,-128.6035,26.23,51,77,0.63,CA,1691352410
467,martapura,-3.4167,114.85,25.05,100,20,0.51,ID,1691352410
468,newman,37.3138,-121.0208,36.14,14,0,6.04,US,1691352411
469,kiffa,16.6166,-11.4045,37.94,32,69,5.7,MR,1691352411
470,paramonga,-10.6667,-77.8333,20.92,72,29,5.78,PE,1691352412
471,ilha de mocambique,-15.0342,40.7358,24.05,80,8,5.45,MZ,1691352412
472,l'alcora,40.0667,-0.2,26.11,62,0,0.89,ES,1691352412
473,trancas,-26.2314,-65.2803,32.19,16,0,5.08,AR,1691352413
474,lata,40.1629,-8.3327,23.2,41,0,1.03,PT,1691352413
475,badiyah,22.45,58.8,30.32,53,94,2.89,OM,1691352414
476,clarksdale,34.2001,-90.5709,33.99,52,98,3.09,US,1691352414
477,sovetskaya gavan',48.9723,140.2878,12.61,81,0,1.46,RU,1691352414
478,ubari,26.5921,12.7805,35.18,20,0,4.55,LY,1691352415
479,kiunga,-6.1219,141.2906,20.15,98,84,1.22,PG,1691352415
480,moyynkum,44.2914,72.9469,27.03,35,100,3.15,KZ,1691352416
481,crane,31.3974,-102.3501,40.53,17,0,7.52,US,1691352416
482,arteche,12.2645,125.4048,27.19,78,33,3.8,PH,1691352416
483,yaren,-0.5472,166.916,28.07,74,48,2.37,NR,1691352417
484,baiyin,36.5583,104.2081,18.71,63,63,3.31,CN,1691352119
485,namtsy,62.7161,129.6658,13.14,64,7,2.19,RU,1691352417
486,danane,7.2596,-8.155,21.55,97,75,1.1,CI,1691352418
487,iquique,-20.2208,-70.1431,21.02,70,2,5.09,CL,1691352167
488,smithers,54.7804,-127.1743,23.18,49,75,1.54,CA,1691352293
489,rengasdengklok,-6.1592,107.2981,23.86,83,5,1.65,ID,1691352419
490,hengchun,22.0042,120.7439,27.71,88,100,10.01,TW,1691352419
491,vanino,49.0869,140.2543,11.84,84,0,1.55,RU,1691352420
492,funadhoo,6.15,73.2667,28.19,76,100,6.84,MV,1691352420
493,khorixas,-20.3667,14.9667,20.35,16,0,3.13,NA,1691352420
494,puerto ayacucho,5.6639,-67.6236,30.99,65,82,0.46,VE,1691352421
495,le muy,43.4738,6.5645,23.93,28,0,10.29,FR,1691352422
496,christiana,-27.914,25.1611,12.06,26,0,3.82,ZA,1691352206
497,lucelia,-21.7203,-51.0189,30.83,23,0,1.73,BR,1691352423
498,esikhaleni,-28.871,31.8996,17.29,83,0,3.98,ZA,1691352423
499,bismarck,46.8083,-100.7837,25.91,43,40,7.2,US,1691352358
500,bereeda,11.8704,51.0579,31.39,55,44,3.68,SO,1691352424
501,miguel ahumada,30.6167,-106.5167,39.99,13,0,5.36,MX,1691352424
502,tongchuanshi,35.0806,109.0897,22.69,90,98,1.63,CN,1691352425
503,madras,13.0878,80.2785,29.99,83,40,5.14,IN,1691352318
504,mlowo,-9.0,32.9833,12.58,82,3,2.46,TZ,1691352426
505,gilgit,35.9221,74.3087,25.95,65,63,1.49,PK,1691352427
506,hadibu,12.65,54.0333,25.48,80,100,8.38,YE,1691352427
507,port lincoln,-34.7333,135.8667,10.21,78,74,3.03,AU,1691352428
508,jiaojiang,28.6803,121.4428,28.33,91,43,1.39,CN,1691352428
509,dishna,26.1247,32.476,35.36,13,5,3.11,EG,1691352428
510,tchintabaraden,15.8969,5.7985,32.85,42,76,5.31,NE,1691352429
511,sabang,5.8933,95.3214,28.09,79,100,6.2,ID,1691352429
512,xining,36.6167,101.7667,11.99,84,10,1.06,CN,1691352430
513,nyrob,60.733,56.7202,16.47,90,8,1.56,RU,1691352431
514,fort mcmurray,56.7268,-111.381,19.77,59,20,4.63,CA,1691352330
515,plastun,44.7561,136.2939,13.56,92,94,1.9,RU,1691352431
516,barah,13.7,30.3667,29.67,53,91,3.06,SD,1691352432
517,lubang,13.8584,120.124,28.53,79,100,9.78,PH,1691352432
518,ust-tsilma,65.441,52.1498,15.54,97,0,1.83,RU,1691352433
519,kavaratti,10.5669,72.642,28.21,74,30,8.83,IN,1691352433
520,dongning,44.0622,131.1207,17.33,98,100,1.08,CN,1691352433
521,nongstoin,25.5167,91.2667,20.05,99,100,1.85,IN,1691352434
522,egremont,54.4794,-3.5276,15.38,86,7,4.19,GB,1691352436
523,taroa,8.7058,171.2275,28.38,77,97,7.61,MH,1691352436
524,kolonia town,6.964,158.206,25.0,100,100,1.03,FM,1691352437
525,caleta de carquin,-11.0925,-77.6267,21.05,70,25,5.7,PE,1691352437
526,kotel'nikovo,47.6317,43.1461,30.67,28,0,4.41,RU,1691352438
527,mersing,2.4312,103.8405,25.29,87,82,2.13,MY,1691352438
528,al kharijah,25.4514,30.5464,35.29,13,29,2.45,EG,1691352438
529,beau vallon,-20.4189,57.6953,22.13,68,40,5.66,MU,1691352439
530,puerto baquerizo moreno,-0.9,-89.6,27.55,65,75,6.17,EC,1691352439
531,mata-utu,-13.2816,-176.1745,27.2,80,20,2.72,WF,1691352440
532,boise,43.6135,-116.2035,27.34,41,0,3.6,US,1691352440
533,bandiagara,14.3501,-3.6104,28.51,61,83,4.23,ML,1691352441
534,stendal,52.6,11.85,16.1,89,100,2.51,DE,1691352441
535,kenora,49.8167,-94.4337,28.41,29,27,4.39,CA,1691352441
536,kindu,-2.95,25.95,25.98,61,100,1.16,CD,1691352442
537,sungai penuh,-2.0833,101.3833,17.74,97,9,0.84,ID,1691352442
538,kirakira,-10.4544,161.9205,24.77,91,88,3.44,SB,1691352443
539,greenville,35.6127,-77.3663,33.09,52,40,2.06,US,1691351758
540,vikulovo,56.8167,70.6107,15.11,75,0,2.65,RU,1691352443
541,tarariras,-34.2833,-57.6167,15.51,79,7,4.06,UY,1691352444
542,cuyo,10.8525,121.0086,28.56,76,6,5.03,PH,1691352444
543,baley,51.6,116.6333,11.03,80,100,1.4,RU,1691352445
544,castanos,26.7833,-101.4167,36.06,20,3,3.87,MX,1691352445
545,inhambane,-23.865,35.3833,18.34,74,0,2.53,MZ,1691352446
546,beeville,28.4008,-97.7483,38.68,39,40,5.14,US,1691352446
547,mogok,22.9167,96.5,19.13,99,100,1.61,MM,1691352447
548,peace river,56.2501,-117.286,25.99,42,6,2.09,CA,1691352448
549,dhulia,20.9,74.7833,25.58,75,61,6.02,IN,1691352253
550,villa madero,19.4,-101.2667,17.26,90,99,1.73,MX,1691352448
551,pursat,12.3333,103.6667,24.9,81,100,1.71,KH,1691352449
552,vredendal,-31.6683,18.5012,12.03,76,0,1.22,ZA,1691352449
553,northam,51.0333,-4.2167,15.9,87,5,4.81,GB,1691352450
554,walvis bay,-22.9575,14.5053,19.35,46,0,3.53,NA,1691352450
555,campbell river,50.0163,-125.2446,21.21,60,75,3.09,CA,1691352451
556,lethem,3.3803,-59.7968,30.85,63,73,1.58,GY,1691352451
557,aban,56.67,96.06,9.54,79,1,2.02,RU,1691352452
558,nantucket,41.2835,-70.0995,28.03,57,0,4.12,US,1691352408
559,edeia,-17.3383,-49.9314,33.66,15,20,2.22,BR,1691352453
560,praia da vitoria,38.7333,-27.0667,25.14,69,40,3.74,PT,1691352280
561,sferracavallo,42.726,12.0956,22.02,65,1,0.63,IT,1691352454
562,panama city beach,30.1766,-85.8055,33.92,68,14,0.45,US,1691352454
563,tadine,-21.55,167.8833,19.35,77,100,7.21,NC,1691352455
564,ponta delgada,37.7333,-25.6667,24.4,64,40,2.57,PT,1691352455
565,isiro,2.7739,27.616,19.98,98,72,1.2,CD,1691352455
566,nurota,40.5614,65.6886,26.05,32,26,1.79,UZ,1691352456
567,ritterhude,53.1811,8.7216,16.8,82,0,3.6,DE,1691352456
568,hoa binh,20.8133,105.3383,24.39,95,99,1.14,VN,1691352456
569,kanigiri,15.4,79.5167,30.6,54,100,6.72,IN,1691352457
570,ilhabela,-23.7781,-45.3581,21.94,82,1,2.42,BR,1691352457
571,chudovo,59.1167,31.6833,24.62,70,55,3.35,RU,1691352458
572,gandajika,-6.75,23.95,25.89,29,5,2.21,CD,1691352458
573,cheney,47.4874,-117.5758,25.21,60,74,1.41,US,1691352458
574,sao joao da barra,-21.6403,-41.0511,26.05,73,2,8.02,BR,1691352211
575,saint-pierre,-21.3393,55.4781,20.82,78,0,8.23,RE,1691352361
576,dunedin,-45.8742,170.5036,8.22,80,53,1.79,NZ,1691352226
577,tidjikja,18.5564,-11.4271,35.66,26,98,5.47,MR,1691352461
578,savannah,32.0835,-81.0998,33.87,57,0,3.6,US,1691352212
579,nikol'sk,53.7189,46.0712,18.98,69,0,2.81,RU,1691352461
580,niamey,13.5137,2.1098,30.08,58,46,4.61,NE,1691352462
581,nieuw amsterdam,5.8833,-55.0833,31.68,78,37,5.39,SR,1691352463
